data_teste,id_ensaio,Detail,data_prod,densidade,humidade,8_236,25_071,18_100,14_140,10_200,Under_000,origem
2025-09-21T11:12:26Z,927d8943-b6c2-59ff-acad-949e668627d7,OUTRO,2025-09-21T00:00:00Z,52.028000000000006,8.031,0.0,64.406,34.618,0.0,0.0,1.61,PROC_SEC_01
2025-09-21T10:18:50Z,20e397ca-3fed-5f88-975b-24e5d0d61c0c,OUTRO,2025-09-21T00:00:00Z,53.739,9.963000000000001,0.0,58.166999999999994,40.455000000000005,0.0,0.0,2.013,PROC_PRI_01
2025-09-21T07:32:21Z,d5db0f7c-c21a-55ce-81b6-2688f4893ed2,ENSAIO,2025-09-21T00:00:00Z,52.431000000000004,5.032,0.0,65.211,32.807,0.0,0.0,2.617,PROC_SEC_01
2025-09-21T06:44:31Z,aee4e5d8-925e-5d7d-b060-b9f280febb6b,ENSAIO,2025-09-21T00:00:00Z,55.248999999999995,5.334,0.0,65.81500000000001,32.606,0.0,0.0,2.214,PROC_SEC_01
2025-09-18T00:56:11Z,6bdba373-ac29-5d3a-b885-cd668d086062,OUTRO,2025-09-17T00:00:00Z,49.412,6.038,0.0,48.909,49.714,0.0,0.0,2.013,PROC_SEC_01
2025-09-15T06:43:02Z,ad36b7c7-920d-5803-b763-53bbc2d04879,ENSAIO,2025-09-15T00:00:00Z,50.318,5.837,0.0,43.273,55.349,0.0,0.0,2.013,PROC_SEC_01
2025-09-15T00:06:32Z,3c41d406-2ed0-55b1-8375-2e370d81265b,OUTRO,2025-09-15T00:00:00Z,47.298,6.038,0.0,42.267,56.356,0.0,0.0,1.811,PROC_SEC_01
2025-09-14T23:53:31Z,73a6f80d-0ce9-5340-a83d-d02ddf6b256e,OUTRO,2025-09-14T00:00:00Z,49.311,6.038,0.0,44.279,54.544000000000004,0.0,0.0,1.811,PROC_SEC_01
2025-09-14T20:21:01Z,594bd5e9-5859-56ca-9ac9-1a21151ee1ba,ENSAIO,2025-09-14T00:00:00Z,48.305,6.038,0.0,42.065,56.356,0.0,0.0,2.214,PROC_SEC_01
2025-09-14T18:05:01Z,d705416f-f919-58ca-a9eb-6e5553768f33,ENSAIO,2025-09-14T00:00:00Z,50.519000000000005,7.044,0.0,55.953,41.663,0.0,0.0,3.019,PROC_SEC_01
2025-09-14T17:35:52Z,aa029a78-9cc1-50eb-a670-0921b2a29750,OUTRO,2025-09-14T00:00:00Z,50.318,5.675999999999999,0.0,66.62,31.398,0.0,0.0,2.617,PROC_PRI_01
2025-09-14T15:14:11Z,3fd86f4e-48d1-50c9-b722-49c91682a646,ENSAIO,2025-09-14T00:00:00Z,52.531000000000006,7.044,0.0,54.141999999999996,44.077999999999996,0.0,0.0,2.415,PROC_SEC_01
2025-09-14T12:46:23Z,2a978d67-c8a7-52b6-962b-f634c9efa7f4,OUTRO,2025-09-14T00:00:00Z,54.846,11.472,0.0,54.947,43.474000000000004,0.0,0.0,2.214,PROC_PRI_01
2025-09-14T12:38:15Z,e72e9b66-aea2-538d-bb50-1ae3fead8635,ENSAIO,2025-09-14T00:00:00Z,53.538000000000004,5.2330000000000005,0.0,58.972,34.417,0.0,0.0,7.246,PROC_SEC_02
2025-09-14T12:33:08Z,8e83a34b-559b-5626-a189-543bf5cadbe1,ENSAIO,2025-09-14T00:00:00Z,53.84,,0.0,58.972,34.417,0.0,0.0,7.246,PROC_SEC_02
2025-09-14T10:58:46Z,45fc072c-daa1-5133-bf0a-0978af8ad262,ENSAIO,2025-09-14T00:00:00Z,50.116,2.677,0.0,51.525000000000006,44.681999999999995,0.0,0.0,4.428,PROC_SEC_02
2025-09-14T09:43:22Z,b89885b3-033f-5eb7-9e6f-fb68ea6563b9,ENSAIO,2025-09-14T00:00:00Z,52.934000000000005,8.856,0.0,47.701,49.11,0.0,0.0,3.824,PROC_SEC_01
2025-09-14T09:20:45Z,30b2197e-1844-5f34-9e1f-88caf1f564a5,ENSAIO,2025-09-14T00:00:00Z,50.318,12.780999999999999,0.0,51.324,45.487,0.0,0.0,3.824,PROC_SEC_01
2025-09-14T08:41:41Z,ffce9bec-51e2-5331-b435-2abb13833e2f,ENSAIO,2025-09-14T00:00:00Z,51.626,8.754999999999999,0.0,52.733,45.487,0.0,0.0,2.415,PROC_SEC_01
2025-09-14T06:36:43Z,03524a8b-9ad9-508a-a5ce-dd813336a821,ENSAIO,2025-09-14T00:00:00Z,,,,,,,,,PROC_SEC_01
2025-09-13T17:47:52Z,b619a714-8f9a-5cc5-a370-0f7459ea75ea,ENSAIO,2025-09-13T00:00:00Z,49.311,7.044,0.0,58.368,39.248,0.0,0.0,3.019,PROC_SEC_01
2025-09-13T16:51:38Z,eda7a644-2b8b-59c9-99c9-6aa6d3535790,ENSAIO,2025-09-13T00:00:00Z,50.318,7.044,0.0,51.324,45.286,0.0,0.0,4.025,PROC_SEC_01
2025-09-13T15:33:52Z,121372ad-700a-5e46-a7bc-c7e728f55041,OUTRO,2025-09-13T00:00:00Z,51.928000000000004,12.821,0.0,65.81500000000001,32.404,0.0,0.0,2.415,PROC_PRI_01
2025-09-13T14:40:46Z,8d15afcf-cad9-539b-9408-0aa337152236,ENSAIO,2025-09-13T00:00:00Z,54.343,7.044,0.0,61.991,35.826,0.0,0.0,2.8179999999999996,PROC_SEC_01
2025-09-13T12:31:16Z,01fc0c5b-dee3-5e22-b68b-14a2c5f87fb4,OUTRO,2025-09-13T00:00:00Z,53.135,11.472,0.0,61.589000000000006,35.625,0.0,0.0,3.4219999999999997,PROC_PRI_01
2025-09-13T10:49:33Z,266a9387-c05e-564f-a79f-3597bbd77e67,ENSAIO,2025-09-13T00:00:00Z,52.632,9.56,0.0,70.243,23.75,0.0,0.0,6.6419999999999995,PROC_SEC_02
2025-09-13T10:17:17Z,66095e65-dad1-5c0d-a270-9a5aff43fc4d,ENSAIO,2025-09-13T00:00:00Z,52.934000000000005,6.34,0.0,73.262,19.322,0.0,0.0,8.051,PROC_SEC_02
2025-09-13T09:07:26Z,30fa513a-e16f-51cc-9fa9-856d544a6fb9,ENSAIO,2025-09-13T00:00:00Z,51.324,10.264999999999999,0.0,46.695,50.519000000000005,0.0,0.0,3.4219999999999997,PROC_SEC_02
2025-09-13T09:05:26Z,4a57d532-7f98-5187-b5be-285773a3a4ac,ENSAIO,2025-09-13T00:00:00Z,50.619,7.85,0.0,51.123,47.096999999999994,0.0,0.0,2.415,PROC_SEC_01
2025-09-13T07:25:05Z,71b46280-d482-5f81-90e8-ef14f3647601,ENSAIO,2025-09-13T00:00:00Z,51.424,8.856,0.0,53.135,43.474000000000004,0.0,0.0,4.025,PROC_SEC_01
2025-09-13T06:48:09Z,c4da3388-8656-5ab8-bc9b-7d1ff9ff69fe,ENSAIO,2025-09-13T00:00:00Z,50.418,6.541,0.0,57.966,38.644,0.0,0.0,4.025,PROC_SEC_01
2025-09-13T02:07:51Z,dbef88ca-c0ce-5dc3-85e1-b36257423f96,OUTRO,2025-09-13T00:00:00Z,51.324,6.038,0.0,57.160999999999994,35.826,0.0,0.0,7.447,PROC_SEC_01
2025-09-12T23:58:43Z,1ebe4846-793b-54d0-9fdc-303fcbd5de1a,OUTRO,2025-09-12T00:00:00Z,50.318,6.038,0.0,61.186,33.612,0.0,0.0,5.635999999999999,PROC_SEC_01
2025-09-12T19:28:46Z,093b981a-60f4-5487-a646-88bf790edb87,OUTRO,2025-09-12T00:00:00Z,49.009,6.6419999999999995,0.0,50.921,45.687999999999995,0.0,0.0,4.025,PROC_SEC_01
2025-09-12T17:46:18Z,7ff6c0af-ebd8-57b7-971d-df01de69c7d1,OUTRO,2025-09-12T00:00:00Z,53.538000000000004,6.6819999999999995,0.0,66.017,32.404,0.0,0.0,2.214,PROC_PRI_01
2025-09-12T15:25:58Z,5287172f-b090-5244-add5-8d29f51110f4,OUTRO,2025-09-12T00:00:00Z,51.827,6.702,0.0,70.445,27.775000000000002,0.0,0.0,2.415,PROC_PRI_01
2025-09-12T10:31:35Z,62318327-60cb-597c-a7a0-022e59c311f0,ENSAIO,2025-09-12T00:00:00Z,50.318,5.032,0.0,77.891,15.699,0.0,0.0,7.044,PROC_SEC_01
2025-09-12T08:14:30Z,7e998874-a09e-5fc7-b59d-22801060a1b3,ENSAIO,2025-09-12T00:00:00Z,52.23,5.535,0.0,51.726,44.681999999999995,0.0,0.0,4.227,PROC_SEC_01
2025-09-12T06:40:21Z,6e5d090d-de79-5c0b-988e-6f90c24e6b62,ENSAIO,2025-09-12T00:00:00Z,49.11,4.327,0.0,52.33,43.474000000000004,0.0,0.0,4.83,PROC_SEC_01
2025-09-11T22:29:01Z,3eb05029-411a-5026-a272-e495bc8afc52,OUTRO,2025-09-11T00:00:00Z,50.318,6.038,0.0,61.991,33.411,0.0,0.0,5.2330000000000005,PROC_SEC_01
2025-09-11T20:05:17Z,add1e567-fa52-59fc-959e-e165be08172c,OUTRO,2025-09-11T00:00:00Z,52.23,6.933999999999999,0.0,60.582,33.612,0.0,0.0,6.441000000000001,PROC_SEC_01
2025-09-11T19:03:30Z,38faaeec-04b6-5b73-854d-dade53b62f62,OUTRO,2025-09-11T00:00:00Z,53.035000000000004,5.907,0.0,58.972,38.644,0.0,0.0,3.019,PROC_PRI_01
2025-09-11T18:18:43Z,b54660a7-ca33-5310-bab9-164a1b0ac7ec,OUTRO,2025-09-11T00:00:00Z,54.242,5.715999999999999,0.0,58.771,35.222,0.0,0.0,6.6419999999999995,PROC_SEC_01
2025-09-11T17:31:35Z,863ea7a9-90e0-56f6-b10b-a3d993e5944f,OUTRO,2025-09-11T00:00:00Z,51.223,4.911,0.0,62.394,35.424,0.0,0.0,2.8179999999999996,PROC_PRI_01
2025-09-11T16:31:52Z,235e8280-13ea-58b9-9d31-1478e0345842,OUTRO,2025-09-11T00:00:00Z,53.538000000000004,4.71,0.0,58.57,35.424,0.0,0.0,6.6419999999999995,PROC_SEC_01
2025-09-11T15:52:18Z,f3a27f0d-d716-5d23-8616-5dd848ad6e5e,OUTRO,2025-09-11T00:00:00Z,52.632,4.920999999999999,0.0,74.067,22.541999999999998,0.0,0.0,4.025,PROC_PRI_01
2025-09-11T12:44:41Z,b2ef62c8-b8e6-5e80-a8ed-171182a41376,OUTRO,2025-09-11T00:00:00Z,54.745,8.856,0.0,65.614,32.404,0.0,0.0,2.617,PROC_PRI_01
2025-09-11T10:51:48Z,cda46041-05ab-573a-b749-948fa0f599c3,ENSAIO,2025-09-11T00:00:00Z,53.337,5.535,0.0,65.211,27.372999999999998,0.0,0.0,8.051,PROC_SEC_01
2025-09-11T09:45:55Z,1af86821-41c7-5a2f-9910-b9fe3fe6a189,OUTRO,2025-09-11T00:00:00Z,54.745,8.655,0.0,57.160999999999994,40.858000000000004,0.0,0.0,2.617,PROC_PRI_01
2025-09-10T03:35:47Z,3f256bb8-218c-5c57-8900-74c5d7bf1adb,ENSAIO,2025-09-10T00:00:00Z,50.318,5.032,0.0,52.531000000000006,44.481,0.0,0.0,3.623,PROC_SEC_01
2025-09-07T18:55:15Z,f997cce6-dd72-5124-b821-0036f40f9185,OUTRO,2025-09-07T00:00:00Z,55.047000000000004,6.793,0.0,60.985,36.832,0.0,0.0,2.8179999999999996,PROC_PRI_01
2025-09-07T18:04:07Z,b27d83c4-ed30-5128-ba3f-74a236ce097d,OUTRO,2025-09-07T00:00:00Z,51.424,6.883,0.0,43.474000000000004,55.551,0.0,0.0,1.61,PROC_PRI_01
2025-09-07T03:42:23Z,68787a1d-c84b-5a39-8042-8794cbd50db3,ENSAIO,2025-09-07T00:00:00Z,47.298,6.038,0.0,48.506,49.11,0.0,0.0,3.019,PROC_SEC_01
2025-09-06T20:47:49Z,05c58aba-6355-516d-b2e5-cfcdb7350c64,OUTRO,2025-09-06T00:00:00Z,53.437000000000005,6.833,0.0,63.199,34.82,0.0,0.0,2.617,PROC_PRI_01
2025-09-06T17:16:46Z,0b1299e4-dd14-5384-a0f8-9d1a0f1e5053,OUTRO,2025-09-06T00:00:00Z,,,,,,,,,PROC_PRI_01
2025-09-06T15:52:17Z,f226e1f6-17a1-5f5d-981b-3161c1ee62ee,OUTRO,2025-09-06T00:00:00Z,52.934000000000005,7.538,0.0,66.017,32.203,0.0,0.0,2.415,PROC_PRI_01
2025-09-06T10:26:45Z,a47e7422-1b27-5d9a-8337-309b9ae7a781,OUTRO,2025-09-06T00:00:00Z,52.934000000000005,6.843,0.0,63.803,34.417,0.0,0.0,2.415,PROC_PRI_01
2025-09-06T10:25:41Z,4fe96a99-5878-5eaa-84da-7e113264fcef,OUTRO,2025-09-06T00:00:00Z,54.644999999999996,6.843,0.0,66.822,31.599,0.0,0.0,2.214,PROC_PRI_01
2025-09-06T00:15:30Z,854d227c-659f-596b-ae0a-41bddf759840,ENSAIO,2025-09-05T00:00:00Z,47.399,6.038,0.0,49.714,46.896,0.0,0.0,4.025,PROC_SEC_01
2025-09-05T19:10:30Z,c6b4dcc4-1692-58af-8ad1-9ade1522a5b1,OUTRO,2025-09-05T00:00:00Z,52.028000000000006,6.914,0.0,59.172999999999995,39.449000000000005,0.0,0.0,2.013,PROC_PRI_01
2025-09-05T15:44:43Z,afe09f10-f4f2-50f1-b6a9-0ded7a12b248,OUTRO,2025-09-05T00:00:00Z,55.047000000000004,6.612,0.0,70.646,26.769000000000002,0.0,0.0,3.22,PROC_PRI_01
2025-09-05T12:30:05Z,189a407d-847b-52af-9aeb-a1706a1292d6,OUTRO,2025-09-05T00:00:00Z,53.940000000000005,8.151,0.0,60.784,37.839,0.0,0.0,2.013,PROC_PRI_01
2025-09-05T12:07:17Z,165fe63c-0168-5607-abaf-b4bc16c6f723,ENSAIO,2025-09-05T00:00:00Z,52.23,5.736,0.0,53.940000000000005,40.657,0.0,0.0,6.038,PROC_SEC_01
2025-09-05T08:17:14Z,69863f78-ec82-5864-b750-a938204d9aa5,OUTRO,2025-09-05T00:00:00Z,54.544000000000004,7.7490000000000006,0.0,63.803,33.612,0.0,0.0,3.22,PROC_PRI_01
2025-09-04T16:42:02Z,fe082173-999f-50e0-a34c-9684f8387baf,OUTRO,2025-09-04T00:00:00Z,52.632,14.401,0.0,60.079,37.537,0.0,0.0,3.019,PROC_PRI_01
2025-09-04T15:55:32Z,ec88dce3-6490-5ba5-a218-759ec8492407,OUTRO,2025-09-04T00:00:00Z,52.632,10.064,0.0,60.18,37.436,0.0,0.0,3.019,PROC_PRI_01
2025-08-10T03:13:00Z,21ba44af-2901-51af-bc45-b567fc12e4cf,ENSAIO,2025-08-10T00:00:00Z,50.921,6.038,0.0,50.318,44.883,0.0,0.0,5.434,PROC_SEC_01
2025-08-09T15:41:57Z,c43dc202-4020-53a2-886e-11bc828548ab,ENSAIO,2025-08-09T00:00:00Z,50.318,4.025,0.0,53.739,38.845,0.0,0.0,8.051,PROC_SEC_01
2025-08-09T14:42:46Z,96375820-a91d-5a65-a838-6af51cbb53cb,ENSAIO,2025-08-09T00:00:00Z,53.337,4.025,0.0,52.33,40.254,0.0,0.0,8.051,PROC_SEC_01
2025-08-09T03:52:42Z,82c0943d-7133-5d11-a1c2-767bbf9b5e2a,ENSAIO,2025-08-09T00:00:00Z,50.921,6.038,0.0,47.701,50.116,0.0,0.0,2.8179999999999996,PROC_SEC_01
2025-08-08T20:05:31Z,4d16e1b0-a264-5238-b473-27550ce1ec17,ENSAIO,2025-08-08T00:00:00Z,51.928000000000004,4.760000000000001,0.0,55.147999999999996,40.455000000000005,0.0,0.0,5.032,PROC_SEC_01
2025-08-08T18:23:36Z,1cc8e0bf-6aec-557d-83d4-873a58cc5e2d,ENSAIO,2025-08-08T00:00:00Z,53.739,4.025,0.0,53.538000000000004,40.455000000000005,0.0,0.0,6.6419999999999995,PROC_SEC_01
2025-08-08T17:47:20Z,15b7fde7-b150-581e-8a38-0aaeea05e741,ENSAIO,2025-08-08T00:00:00Z,,,,,,,,,PROC_SEC_01
2025-08-08T16:45:30Z,ae6eb109-487b-5e42-af69-7e64795f9ea3,ENSAIO,2025-08-08T00:00:00Z,51.324,4.025,0.0,48.104,46.896,0.0,0.0,5.635999999999999,PROC_SEC_01
2025-08-08T14:52:48Z,d790eaee-5b84-5aef-81e6-d40117ce8838,ENSAIO,2025-08-08T00:00:00Z,54.544000000000004,3.965,0.0,50.116,44.077999999999996,0.0,0.0,6.441000000000001,PROC_SEC_01
2025-08-07T23:13:51Z,9448cf30-c08b-5e1a-aa49-6077560ef5a1,ENSAIO,2025-08-07T00:00:00Z,,,,,,,,,PROC_SEC_01
2025-08-07T20:45:17Z,5c213df4-725e-5d70-92df-8d4ea7fcfeec,ENSAIO,2025-08-07T00:00:00Z,51.626,5.394,0.0,55.147999999999996,36.229,0.0,0.0,9.258,PROC_SEC_01
2025-08-07T07:09:34Z,c8767246-bc6d-5f43-9d5e-6a0a01108152,ENSAIO,2025-08-07T00:00:00Z,49.009,4.025,0.0,54.141999999999996,41.059,0.0,0.0,5.434,PROC_SEC_01
2025-08-05T19:22:18Z,c28958c7-686a-5912-91fb-10135bca9a15,OUTRO,2025-08-05T00:00:00Z,53.135,6.41,0.0,50.016000000000005,46.795,0.0,0.0,3.824,PROC_SEC_01
2025-08-05T16:05:06Z,8b15a4c8-10ae-572d-ad99-7f4c0011b5cd,OUTRO,2025-08-05T00:00:00Z,53.538000000000004,4.579,0.0,48.506,46.896,0.0,0.0,5.2330000000000005,PROC_SEC_01
2025-08-05T16:02:28Z,d86480ae-c7df-5d12-9d8a-9009d9cf4597,OUTRO,2025-08-05T00:00:00Z,52.632,4.559,0.0,42.871,53.538000000000004,0.0,0.0,4.227,PROC_SEC_01
2025-08-04T20:04:39Z,ec7c4cbb-45a6-5e02-8849-ad682e8fdd90,ENSAIO,2025-08-04T00:00:00Z,49.311,5.032,0.0,49.311,44.279,0.0,0.0,7.044,PROC_SEC_01
2025-08-04T17:48:53Z,a9319c4c-96f2-5c21-b3d7-85e2ab4c07a8,ENSAIO,2025-08-04T00:00:00Z,49.311,5.032,0.0,47.298,44.279,0.0,0.0,9.057,PROC_SEC_01
2025-08-04T08:10:36Z,a1fe22fe-b134-5f9e-8ba2-4be449bcec9e,ENSAIO,2025-08-04T00:00:00Z,54.644999999999996,5.032,0.0,51.928000000000004,42.267,0.0,0.0,6.441000000000001,PROC_SEC_01
2025-08-04T07:13:08Z,b5e2bc2b-7d7e-5683-bd5d-422460e9a114,ENSAIO,2025-08-04T00:00:00Z,53.739,5.032,0.0,49.311,45.89,0.0,0.0,5.434,PROC_SEC_01
2025-08-04T06:51:22Z,a85a10cb-2db4-559e-ac09-70bc6142ad4e,ENSAIO,2025-08-04T00:00:00Z,51.424,5.736,0.0,46.695,49.714,0.0,0.0,4.227,PROC_SEC_01
2025-08-04T02:39:54Z,03b063d2-20ee-5702-8556-9b27ac0977ec,ENSAIO,2025-08-04T00:00:00Z,47.298,6.038,0.0,48.707,46.695,0.0,0.0,5.2330000000000005,PROC_SEC_01
2025-08-04T01:44:57Z,25a25447-88a4-567d-b99f-43201bf6c668,ENSAIO,2025-08-04T00:00:00Z,48.305,5.032,0.0,51.123,43.877,0.0,0.0,5.635999999999999,PROC_SEC_01
2025-08-03T23:39:56Z,7da6e2bd-2d14-566a-8f26-00d3b489a6c4,ENSAIO,2025-08-03T00:00:00Z,50.318,4.025,0.0,48.909,46.292,0.0,0.0,5.434,PROC_SEC_01
2025-08-03T20:13:04Z,52e317ec-56f3-554a-beff-5f0fd644e37a,ENSAIO,2025-08-03T00:00:00Z,50.519000000000005,5.032,0.0,46.090999999999994,48.909,0.0,0.0,5.635999999999999,PROC_SEC_01
2025-08-03T17:51:15Z,98a7a0f3-07f7-56cf-a746-21398924e109,ENSAIO,2025-08-03T00:00:00Z,51.324,5.032,0.0,52.733,38.644,0.0,0.0,9.258,PROC_SEC_01
2025-08-03T16:44:31Z,21c0d730-d194-5e2a-8373-bb25bbb0d9a0,ENSAIO,2025-08-03T00:00:00Z,53.337,5.032,0.0,42.871,52.33,0.0,0.0,5.434,PROC_SEC_01
2025-08-03T13:31:25Z,4d3611cd-ea0a-50e4-8fd4-f88db07fb2bf,ENSAIO,2025-08-03T00:00:00Z,54.947,3.019,0.0,50.519000000000005,43.273,0.0,0.0,6.843,PROC_SEC_01
2025-08-03T08:03:31Z,f13369ea-98dd-5fdb-b49a-b40b6c789430,ENSAIO,2025-08-03T00:00:00Z,,,,,,,,,PROC_SEC_01
2025-08-03T07:19:41Z,bc14ef5d-cca4-517f-b7c4-6dc5260e139c,ENSAIO,2025-08-03T00:00:00Z,48.506,3.22,0.0,48.707,45.89,0.0,0.0,6.038,PROC_SEC_01
2025-08-03T04:08:55Z,f74383c9-042d-55bc-9e78-f95154c78e7a,ENSAIO,2025-08-03T00:00:00Z,50.921,7.044,0.0,45.286,50.318,0.0,0.0,5.032,PROC_SEC_01
2025-08-03T01:14:26Z,0c1f5eeb-8f2f-52c7-932c-854e17108cc0,ENSAIO,2025-08-03T00:00:00Z,54.846,7.044,0.0,44.279,51.525000000000006,0.0,0.0,4.83,PROC_SEC_01
2025-08-03T00:34:27Z,46f1b211-cf92-5437-a54b-ea7fa61946f2,ENSAIO,2025-08-03T00:00:00Z,53.236,7.044,0.0,40.657,54.544000000000004,0.0,0.0,5.434,PROC_SEC_01
2025-08-02T23:36:23Z,c79e2582-2006-594c-b719-688cc2ba503e,ENSAIO,2025-08-02T00:00:00Z,47.298,8.051,0.0,39.449000000000005,56.757999999999996,0.0,0.0,4.428,PROC_SEC_01
2025-08-02T20:51:27Z,ce47a649-1ed4-5da2-9e7a-15a13b9e228b,ENSAIO,2025-08-02T00:00:00Z,52.33,5.032,0.0,37.436,56.557,0.403,0.0,6.239,PROC_SEC_01
2025-08-02T13:48:43Z,6b773da5-2b64-5eed-9bd4-5fa719acf480,ENSAIO,2025-08-02T00:00:00Z,51.726,5.032,0.0,37.034,58.57,0.0,0.0,5.032,PROC_SEC_01
2025-08-02T07:29:46Z,64bcf470-2805-503c-a0e7-e395b2fad489,ENSAIO,2025-08-02T00:00:00Z,52.431000000000004,4.529,0.0,41.663,52.934000000000005,0.0,0.0,6.038,PROC_SEC_01
2025-08-02T07:00:51Z,e03c35d0-35f2-5b90-a26f-eb94b71abb78,ENSAIO,2025-08-02T00:00:00Z,48.808,4.327,0.0,42.065,52.531000000000006,0.0,0.0,6.038,PROC_SEC_01
2025-08-02T03:22:46Z,8d0ebeef-636c-5e3c-846c-422c70579c1f,ENSAIO,2025-08-02T00:00:00Z,49.311,6.038,0.0,48.305,45.286,0.0,0.0,7.044,PROC_SEC_01
2025-08-02T02:21:22Z,d01c5387-3225-5fe1-9dd3-de04f2c0351f,ENSAIO,2025-08-01T00:00:00Z,52.028000000000006,6.038,0.0,45.487,49.512,0.0,0.0,5.635999999999999,PROC_SEC_01
2025-08-01T23:15:41Z,69eb011d-6f03-5a0f-9fb9-4a373014e1a5,ENSAIO,2025-08-01T00:00:00Z,50.318,6.038,0.0,45.687999999999995,49.714,0.0,0.0,5.2330000000000005,PROC_SEC_01
2025-08-01T20:53:06Z,621c5f80-70e1-5d19-8d95-10ea5259007e,ENSAIO,2025-08-01T00:00:00Z,49.311,5.032,0.0,42.267,52.33,0.0,0.0,6.038,PROC_SEC_01
2025-08-01T18:53:39Z,82869344-8526-5d4b-9deb-abb4544cd89d,ENSAIO,2025-08-01T00:00:00Z,50.318,6.038,0.0,37.034,58.972,0.0,0.0,4.629,PROC_SEC_01
2025-08-01T16:54:24Z,d66665c7-d9d3-5430-b6fc-674c6876176d,ENSAIO,2025-08-01T00:00:00Z,46.292,5.032,0.0,44.883,47.902,0.0,0.0,7.85,PROC_SEC_01
2025-08-01T10:29:31Z,f905c678-92d0-5905-b535-3a39bbd3304d,ENSAIO,2025-08-01T00:00:00Z,50.821,8.051,0.0,50.318,44.077999999999996,0.0,0.0,6.239,PROC_SEC_01
2025-08-01T08:51:38Z,31630c25-2417-5dcc-9b0a-4f0418cb07ef,ENSAIO,2025-08-01T00:00:00Z,53.337,8.051,0.0,48.506,44.883,0.0,0.0,7.246,PROC_SEC_01
2025-08-01T07:44:27Z,5652cf3a-8aa4-5e11-814d-8ef4eb862e4d,ENSAIO,2025-08-01T00:00:00Z,50.821,8.051,0.0,51.324,43.071999999999996,0.0,0.0,6.239,PROC_SEC_01
2025-08-01T06:30:32Z,dbe388ed-b4ae-55fb-aa3d-8215480d140a,ENSAIO,2025-08-01T00:00:00Z,52.33,8.051,0.0,42.669,52.33,0.0,0.0,5.635999999999999,PROC_SEC_01
2025-07-25T19:02:23Z,2b627e1c-d65f-5d7d-809a-672d2f5d5dcf,OUTRO,2025-07-25T00:00:00Z,53.940000000000005,8.251999999999999,0.0,65.211,34.618,0.0,0.0,0.805,PROC_PRI_01
2025-07-25T16:57:00Z,43ddc166-b88a-5880-b781-7687f6300395,OUTRO,2025-07-25T00:00:00Z,50.921,8.212,0.0,61.387,37.839,0.0,0.0,1.4089999999999998,PROC_PRI_01
2025-07-24T19:44:07Z,c9474acf-9468-5532-afa3-e4ae2860d85e,OUTRO,2025-07-24T00:00:00Z,51.424,6.582,0.0,64.406,33.007999999999996,0.0,0.0,3.22,PROC_PRI_01
2025-07-24T16:27:16Z,35c6a559-c3f5-5163-bf20-1177a9b13bb4,OUTRO,2025-07-24T00:00:00Z,50.619,5.635999999999999,0.0,64.608,33.612,0.0,0.0,2.415,PROC_PRI_01
2025-07-22T17:20:36Z,1bfff8d6-9801-53fb-85dd-d8bac3ac8dcc,OUTRO,2025-07-22T00:00:00Z,55.248999999999995,8.695,0.0,79.09899999999999,18.517,0.0,0.0,3.019,PROC_PRI_01
2025-07-21T16:53:01Z,b714fa4c-5dd3-5c7b-afd9-aa6e5b5bd375,ENSAIO,2025-07-21T00:00:00Z,53.135,14.2,0.0,75.879,22.14,0.0,0.0,2.617,PROC_PRI_01
2025-07-21T15:38:17Z,c3bc0643-96e2-5ddc-a4dc-347205193423,OUTRO,2025-07-21T00:00:00Z,54.141999999999996,6.159,0.0,77.489,20.127,0.0,0.0,3.019,PROC_PRI_01
2025-07-21T12:29:22Z,5130238e-41e0-5c77-85f2-61ba7ba2ac82,OUTRO,2025-07-21T00:00:00Z,53.84,8.151,0.0,63.199,34.618,0.0,0.0,2.8179999999999996,PROC_PRI_01
2025-07-20T19:05:45Z,13eec329-0f89-537f-b402-50072ffe5bce,OUTRO,2025-07-20T00:00:00Z,53.135,8.413,0.0,67.62700000000001,32.203,0.0,0.0,0.805,PROC_PRI_01
2025-07-20T15:01:17Z,84665c35-7530-5500-b51f-fa71b8d9b04d,OUTRO,2025-07-20T00:00:00Z,54.041000000000004,8.463000000000001,0.0,56.153999999999996,42.065,0.0,0.0,2.415,PROC_PRI_01
2025-07-19T20:12:59Z,5661ae26-b338-5ec4-811a-ca767c3b6273,ENSAIO,2025-07-19T00:00:00Z,50.921,6.601999999999999,0.0,73.06099999999999,19.523,0.0,0.0,8.051,PROC_SEC_01
2025-07-19T08:22:39Z,88195aed-1db5-59f3-82a6-cffb8cea6be3,ENSAIO,2025-07-19T00:00:00Z,51.525000000000006,5.032,0.0,54.343,41.663,0.0,0.0,4.629,PROC_SEC_01
2025-07-19T06:40:38Z,894736de-82f0-5dcf-94f1-32a3b05a8ecf,ENSAIO,2025-07-19T00:00:00Z,53.437000000000005,5.736,0.0,52.33,44.279,0.0,0.0,4.025,PROC_SEC_01
2025-07-06T23:33:39Z,6cd28329-7332-5e84-b04d-61135dd68475,OUTRO,2025-07-06T00:00:00Z,52.431000000000004,6.461,0.0,62.796,34.015,0.0,0.0,3.824,PROC_PRI_01
2025-07-06T23:10:51Z,c38b3d71-1770-5ef4-9eaf-06c543861726,OUTRO,2025-07-06T00:00:00Z,50.318,6.038,0.0,58.771,40.657,0.0,0.0,1.208,PROC_SEC_01
2025-07-06T14:57:43Z,cf4e230e-263a-51b1-a172-d4bb66f119fd,ENSAIO,2025-07-06T00:00:00Z,50.418,4.8,0.0,52.934000000000005,42.267,0.0,0.0,5.434,PROC_SEC_01
2025-07-06T08:11:12Z,e35ef8aa-1d99-502c-b435-bf40647a0919,ENSAIO,2025-07-06T00:00:00Z,50.519000000000005,5.032,0.0,50.318,45.89,0.0,0.0,4.428,PROC_SEC_01
2025-07-06T07:53:43Z,d6b5df43-d48d-5004-9120-c550f2afd90f,ENSAIO,2025-07-06T00:00:00Z,51.525000000000006,5.937,0.0,51.324,45.687999999999995,0.0,0.0,3.623,PROC_SEC_01
2025-07-06T03:46:44Z,911ebaf3-9729-5820-804e-f1196ed63418,OUTRO,2025-07-05T00:00:00Z,50.318,6.038,0.0,53.337,44.279,0.0,0.0,3.019,PROC_SEC_01
2025-07-06T00:59:51Z,67984a36-2707-544d-868a-2dd8f55eec0e,OUTRO,2025-07-05T00:00:00Z,50.318,6.038,0.0,54.544000000000004,42.267,0.0,0.0,3.824,PROC_SEC_01
2025-07-05T19:15:26Z,07f69fd1-f12f-55e6-8b7a-36174e9a360a,OUTRO,2025-07-05T00:00:00Z,53.437000000000005,6.421,0.0,68.63300000000001,31.801000000000002,0.0,0.0,0.201,PROC_PRI_01
2025-07-05T15:35:09Z,c89f0a5c-fd1e-586a-98f5-bee023977cbe,OUTRO,2025-07-05T00:00:00Z,50.619,6.41,0.0,66.419,31.197,0.0,0.0,3.019,PROC_PRI_01
2025-07-05T15:06:48Z,7c3a5b06-bfad-58cf-b6fc-3d04006df560,ENSAIO,2025-07-05T00:00:00Z,49.412,6.2589999999999995,0.0,51.123,45.487,0.0,0.0,4.025,PROC_SEC_01
2025-07-05T10:08:36Z,15c991f3-7c37-5564-ae27-66a90d00987b,ENSAIO,2025-07-05T00:00:00Z,48.909,6.038,0.0,50.318,46.896,0.0,0.0,3.4219999999999997,PROC_SEC_01
2025-07-05T08:01:08Z,a207163d-e905-563d-8ddf-e57e7095050f,ENSAIO,2025-07-05T00:00:00Z,50.519000000000005,5.032,0.0,50.72,45.89,0.0,0.0,4.025,PROC_SEC_01
2025-07-05T07:29:28Z,12449fec-c822-52c8-b32c-b7ab92c8ca8e,ENSAIO,2025-07-05T00:00:00Z,55.248999999999995,6.038,0.0,52.33,43.877,0.0,0.0,4.428,PROC_SEC_01
2025-07-05T00:11:20Z,ca4a1178-304e-5fdb-8897-e544b3a572c1,OUTRO,2025-07-04T00:00:00Z,50.318,6.038,0.0,50.318,49.915,0.0,0.0,3.22,PROC_SEC_01
2025-07-04T17:14:02Z,ead95512-e8a4-5345-acd2-50b4d7d83172,ENSAIO,2025-07-04T00:00:00Z,50.318,6.521000000000001,0.0,52.129,44.481,0.0,0.0,4.025,PROC_SEC_01
2025-07-04T15:34:34Z,95215fbc-6beb-5c93-b99f-dfb74dabcfa0,ENSAIO,2025-07-04T00:00:00Z,52.028000000000006,6.441000000000001,0.0,56.557,38.845,0.0,0.0,5.2330000000000005,PROC_SEC_01
2025-07-04T09:23:20Z,8d633619-46e4-5057-9faa-eaf59834508f,ENSAIO,2025-07-04T00:00:00Z,50.619,5.032,0.0,53.337,43.273,0.0,0.0,4.025,PROC_SEC_01
2025-06-29T10:57:15Z,62add346-3ee9-5df1-92f8-2dac7fe122c8,OUTRO,2025-06-29T00:00:00Z,53.940000000000005,8.453000000000001,0.0,64.205,32.606,0.0,0.0,3.824,PROC_PRI_01
2025-06-29T10:56:11Z,7bedde54-230e-5114-879a-243889608166,OUTRO,2025-06-29T00:00:00Z,54.745,8.856,0.0,64.608,31.801000000000002,0.0,0.0,4.227,PROC_PRI_01
2025-06-26T18:36:52Z,ddcc6b39-63aa-5e08-862a-e089c3a2b03b,OUTRO,2025-06-26T00:00:00Z,52.33,9.057,0.0,51.123,44.883,0.0,0.0,4.629,PROC_SEC_01
2025-06-26T12:04:30Z,292dea37-ec07-51c0-affa-c7612b35c6c9,OUTRO,2025-06-26T00:00:00Z,53.940000000000005,8.856,0.0,65.00999999999999,30.996000000000002,0.0,0.0,4.629,PROC_PRI_01
2025-06-26T09:58:56Z,a981f035-ca96-5567-990a-6a4b2d586f1b,ENSAIO,2025-06-26T00:00:00Z,,,,,,,,,PROC_SEC_01
2025-06-26T08:35:58Z,0fbeffd2-ff5c-5ae7-9a1e-5065c2ed4a05,ENSAIO,2025-06-26T00:00:00Z,54.242,7.044,0.0,52.33,44.681999999999995,0.0,0.0,3.623,PROC_SEC_01
2025-06-26T06:55:40Z,309a6b9e-aace-586d-9bf1-b62be5def7bd,ENSAIO,2025-06-26T00:00:00Z,50.72,7.044,0.0,52.531000000000006,44.077999999999996,0.0,0.0,4.025,PROC_SEC_01
2025-06-23T18:46:17Z,5a788846-3975-5bea-856a-db362eeee8ef,OUTRO,2025-06-23T00:00:00Z,50.318,6.038,0.0,53.135,43.273,0.0,0.0,4.227,PROC_SEC_01
2025-06-13T11:22:35Z,d0e35b8f-d561-5439-82fe-ecf9640c0529,OUTRO,2025-06-13T00:00:00Z,53.940000000000005,7.95,0.0,61.186,36.43,0.0,0.0,3.019,PROC_PRI_01
2025-06-13T11:21:25Z,6967de31-8544-5b24-a95b-9854419c2312,OUTRO,2025-06-13T00:00:00Z,54.846,8.251999999999999,0.0,64.406,32.606,0.0,0.0,3.623,PROC_PRI_01
2025-06-12T19:06:57Z,507fdc94-953b-54f3-81eb-0ce4038c7365,OUTRO,2025-06-12T00:00:00Z,52.028000000000006,8.504,0.0,62.998000000000005,35.222,0.0,0.0,2.415,PROC_PRI_01
2025-06-12T11:13:11Z,2f8b13a4-e94a-51ce-9a97-e1b64465c9dc,OUTRO,2025-06-12T00:00:00Z,54.846,8.453000000000001,0.0,62.998000000000005,34.015,0.0,0.0,3.623,PROC_PRI_01
2025-06-12T11:11:55Z,58c41187-e038-5e7c-9209-1de3d7ffd25f,OUTRO,2025-06-12T00:00:00Z,53.538000000000004,8.251999999999999,0.0,62.192,34.618,0.0,0.0,3.824,PROC_PRI_01
2025-06-10T11:18:00Z,5f13ba79-c9fe-51d9-ba6f-c848bc3d665c,OUTRO,2025-06-10T00:00:00Z,53.236,8.151,0.0,61.186,37.034,0.0,0.0,2.415,PROC_PRI_01
2025-06-10T11:16:42Z,7691603d-b0c9-579f-8c8a-42e76b5def2b,OUTRO,2025-06-10T00:00:00Z,53.739,8.453000000000001,0.0,60.985,37.436,0.0,0.0,2.214,PROC_PRI_01
2025-06-09T19:20:38Z,04aa6f03-ac15-576b-a667-c18bbb3cb5fd,OUTRO,2025-06-09T00:00:00Z,52.934000000000005,8.725,0.0,60.18,40.053,0.0,0.0,0.403,PROC_PRI_01
2025-06-09T15:18:30Z,305c3d2b-8481-56f0-b5b7-3f7819c089de,OUTRO,2025-06-09T00:00:00Z,51.123,6.4510000000000005,0.0,55.751999999999995,42.871,0.0,0.0,2.013,PROC_PRI_01
2025-06-09T10:52:27Z,bba592de-008f-5dd9-b938-806e1e8f5333,OUTRO,2025-06-09T00:00:00Z,54.544000000000004,0.0,0.0,59.576,38.644,0.0,0.0,2.415,PROC_PRI_01
2025-06-09T10:51:04Z,0414f638-e5b5-53e5-9165-cfc1e6b68d30,OUTRO,2025-06-09T00:00:00Z,54.242,8.554,0.0,58.57,39.449000000000005,0.0,0.0,2.617,PROC_PRI_01
2025-06-08T11:09:52Z,2d1a3de9-657c-5cab-bce4-3361dabc85e8,OUTRO,2025-06-08T00:00:00Z,53.940000000000005,9.258,0.0,59.172999999999995,39.046,0.0,0.0,2.415,PROC_PRI_01
2025-06-08T11:07:48Z,32e6b0c6-aac1-5a76-860b-e2c1d3d68c5a,OUTRO,2025-06-08T00:00:00Z,54.444,8.957,0.0,57.966,40.455000000000005,0.0,0.0,2.214,PROC_PRI_01
2025-06-06T18:23:06Z,89a6ba44-1a19-5c16-8f41-da662c5df06b,OUTRO,2025-06-06T00:00:00Z,51.424,10.064,0.0,52.33,46.090999999999994,0.0,0.0,2.214,PROC_PRI_01
2025-06-06T12:07:38Z,821fa5dd-3f78-5c67-bc17-bb6fe6c8e103,OUTRO,2025-06-06T00:00:00Z,54.644999999999996,8.856,0.0,60.381,37.436,0.0,0.0,2.8179999999999996,PROC_PRI_01
2025-06-06T12:05:37Z,57d4f7da-20c7-5154-bc81-c65c6495368d,OUTRO,2025-06-06T00:00:00Z,53.940000000000005,9.963000000000001,0.0,63.601000000000006,33.411,0.0,0.0,3.623,PROC_PRI_01
2025-06-06T03:14:54Z,ce2b8b20-c384-57d4-8162-74d7006752d8,OUTRO,2025-06-05T00:00:00Z,50.318,6.038,0.0,56.356,39.952000000000005,0.0,0.0,4.327,PROC_SEC_01
2025-06-06T00:53:49Z,33a7d13c-45ed-5f95-befa-ae0d86adf221,OUTRO,2025-06-05T00:00:00Z,53.337,6.038,0.0,50.418,46.493,0.0,0.0,3.7230000000000003,PROC_SEC_01
2025-06-06T00:01:38Z,cb7865e0-ee78-5299-94f6-4b121f89d300,OUTRO,2025-06-05T00:00:00Z,50.318,6.038,0.0,56.757999999999996,39.449000000000005,0.0,0.0,4.428,PROC_SEC_01
2025-06-05T23:04:11Z,9aec9e8e-c09d-5176-8cdf-96a59ac25ab0,OUTRO,2025-06-05T00:00:00Z,50.821,6.038,0.0,50.72,45.487,0.0,0.0,4.428,PROC_PRI_01
2025-06-01T23:45:14Z,813d4dff-5527-50b3-bbf1-51163c600619,OUTRO,2025-06-01T00:00:00Z,50.318,6.038,0.0,60.079,34.317,0.0,0.0,6.239,PROC_SEC_01
2025-06-01T15:56:26Z,9142932e-6bc3-518b-b5ab-c1ac6fdaf2aa,OUTRO,2025-06-01T00:00:00Z,50.116,10.064,0.0,56.356,40.858000000000004,0.0,0.0,3.4219999999999997,PROC_SEC_01
2025-05-30T23:39:30Z,78145e0c-b852-51bb-ad3a-ade0293ba493,OUTRO,2025-05-30T00:00:00Z,50.318,6.038,0.0,51.726,43.877,0.0,0.0,5.032,PROC_SEC_01
2025-05-22T02:03:22Z,b0bedba7-578a-5863-a444-229c8d2ef6d1,OUTRO,2025-05-22T00:00:00Z,50.318,6.038,0.0,3.824,49.512,46.896,0.0,0.201,PROC_SEC_01
2025-05-10T23:42:11Z,f7b351b0-ade3-585c-8860-19fab25dfcdd,OUTRO,2025-05-10T00:00:00Z,51.324,8.051,0.0,54.947,43.676,0.0,0.0,2.013,PROC_PRI_01
2025-05-10T10:34:46Z,b6aefeca-daba-5aa4-86e8-7b7036f55c80,OUTRO,2025-05-10T00:00:00Z,48.104,0.0,0.0,56.153999999999996,37.839,0.0,0.0,6.6419999999999995,PROC_SEC_01
2025-05-10T09:29:33Z,be9d7a49-5441-5805-82c3-66b2fdc1144b,OUTRO,2025-05-10T00:00:00Z,49.211,0.0,0.0,40.858000000000004,55.147999999999996,0.0,0.0,4.629,PROC_SEC_01
2025-05-10T08:28:43Z,c3ab6c41-9cef-5020-a9b4-e1583b097579,ENSAIO,2025-05-10T00:00:00Z,48.305,0.0,0.0,47.701,46.493,0.0,0.0,6.441000000000001,PROC_SEC_01
2025-05-10T08:24:22Z,c9e150d7-a7e7-59ad-a393-47616423eb6d,ENSAIO,2025-05-10T00:00:00Z,,,,,,,,,PROC_SEC_01
2025-05-10T07:13:01Z,16805ef2-dba8-5ae4-8ed3-302902fe4cc1,ENSAIO,2025-05-10T00:00:00Z,48.104,0.0,0.0,48.305,44.481,0.0,0.0,7.85,PROC_SEC_01
2025-05-07T06:19:11Z,585f55b0-3ca8-5c9d-ad66-797b52d22b7e,ENSAIO,2025-05-07T00:00:00Z,,,,,,,,,PROC_SEC_01
2025-05-02T22:31:39Z,8f7417ee-f1e4-53e5-a2a3-f03d40f21b91,ENSAIO,2025-05-02T00:00:00Z,,,,,,,,,PROC_SEC_01
2025-04-28T00:03:49Z,4a0ff56e-7c64-5434-a4af-22199c9fd8ca,ENSAIO,2025-04-28T00:00:00Z,47.096999999999994,7.044,0.0,51.726,45.687999999999995,0.0,0.0,3.22,PROC_SEC_01
2025-04-15T04:04:11Z,01058e50-047a-5036-a87d-96a997d65ec0,ENSAIO,2025-04-15T00:00:00Z,46.997,6.038,0.0,51.324,45.89,0.0,0.0,3.4219999999999997,PROC_SEC_01
2025-04-15T02:15:17Z,b268473b-ca58-5e01-8bd4-dc057c154e6e,ENSAIO,2025-04-15T00:00:00Z,48.305,7.447,0.0,51.928000000000004,45.083999999999996,0.0,0.0,3.623,PROC_SEC_01
2025-04-15T01:21:09Z,dd2d2d8a-32f9-537c-a4af-b2a397800309,ENSAIO,2025-04-15T00:00:00Z,47.902,7.648,0.0,51.324,45.687999999999995,0.0,0.0,3.623,PROC_SEC_01
2025-04-14T22:42:37Z,e76184d0-ebdc-5919-ab98-b1b9d4c1b8d4,ENSAIO,2025-04-14T00:00:00Z,48.305,5.334,0.0,54.947,41.864000000000004,0.0,0.0,3.824,PROC_SEC_01
2025-04-14T04:22:37Z,c68d2a59-4f5e-5e84-9d62-c0504b8054f3,ENSAIO,2025-04-14T00:00:00Z,46.292,6.038,0.0,53.538000000000004,42.468,0.0,0.0,4.629,PROC_SEC_01
2025-04-14T01:58:46Z,4a34a06c-a555-504a-a226-45dbe7b0e20c,ENSAIO,2025-04-14T00:00:00Z,46.292,7.044,0.0,51.525000000000006,44.481,0.0,0.0,4.629,PROC_SEC_01
2025-04-14T01:06:42Z,90dcf36b-f0c5-5c7a-961f-61749ee280b0,ENSAIO,2025-04-14T00:00:00Z,47.599999999999994,6.038,0.0,50.921,45.89,0.0,0.0,3.824,PROC_SEC_01
2025-04-14T00:16:40Z,c54b7279-94df-588d-a122-cd42d3bc3827,ENSAIO,2025-04-14T00:00:00Z,48.204,6.038,0.0,54.745,41.462,0.0,0.0,4.428,PROC_SEC_01
2025-04-13T23:01:47Z,e54e54b8-a7bb-51a5-b954-32363e3b5f08,ENSAIO,2025-04-13T00:00:00Z,46.795,6.038,0.0,47.902,49.11,0.0,0.0,3.623,PROC_SEC_01
2025-04-13T03:51:06Z,e1e7fb80-6902-527d-8446-3c695262942e,ENSAIO,2025-04-13T00:00:00Z,47.096999999999994,6.038,0.0,51.726,44.681999999999995,0.0,0.0,4.227,PROC_SEC_01
2025-04-08T11:17:37Z,b6607d9a-0a22-553e-981e-345aed98518d,OUTRO,2025-04-08T00:00:00Z,54.846,8.856,0.0,56.757999999999996,41.663,0.0,0.0,2.214,PROC_PRI_01
2025-04-08T10:03:57Z,2f36012b-b43b-5cd2-a0c7-b37bd1d1ff61,OUTRO,2025-04-08T00:00:00Z,53.739,8.957,0.0,54.947,43.877,0.0,0.0,1.811,PROC_PRI_01
2025-04-07T19:36:01Z,5f79b564-8531-5ef7-91d7-46f05d172507,OUTRO,2025-04-07T00:00:00Z,55.248999999999995,6.933999999999999,0.0,69.639,28.178,0.0,0.0,2.8179999999999996,PROC_PRI_01
2025-04-07T18:05:36Z,e7c72e0e-0510-50a9-8172-0bee08af9381,OUTRO,2025-04-07T00:00:00Z,55.047000000000004,6.933999999999999,0.0,65.00999999999999,33.612,0.0,0.0,2.013,PROC_PRI_01
2025-04-07T16:31:13Z,a35ef676-8122-5eb2-b54e-83c04c6712fe,OUTRO,2025-04-07T00:00:00Z,55.248999999999995,6.914,0.0,63.803,34.417,0.0,0.0,2.415,PROC_PRI_01
2025-04-07T15:08:23Z,864abfb0-4169-550b-adb4-0116369cbb52,OUTRO,2025-04-07T00:00:00Z,53.135,6.883,0.0,68.63300000000001,29.788,0.0,0.0,2.214,PROC_PRI_01
2025-04-07T11:10:50Z,e42656fd-4da2-5a05-bffb-c01622c196d2,ENSAIO,2025-04-07T00:00:00Z,54.846,6.541,0.0,55.147999999999996,38.443000000000005,0.0,0.0,7.044,PROC_SEC_02
2025-04-07T10:59:21Z,fab420ab-0a3c-50c3-b3e6-e8d1be5660f5,OUTRO,2025-04-07T00:00:00Z,54.544000000000004,8.957,0.0,58.771,39.65,0.0,0.0,2.214,PROC_PRI_01
2025-04-07T10:56:54Z,8302ccba-6872-532f-838e-c9b05d8abece,OUTRO,2025-04-07T00:00:00Z,53.940000000000005,9.862,0.0,57.362,41.462,0.0,0.0,1.811,PROC_PRI_01
2025-04-07T09:18:39Z,0f3c3bb2-dd00-566f-814d-2792cdeb019f,ENSAIO,2025-04-07T00:00:00Z,54.041000000000004,6.038,0.0,53.940000000000005,42.871,0.0,0.0,3.824,PROC_SEC_02
2025-04-07T08:12:09Z,74c4d60e-f429-5714-95e9-da5af76030cc,ENSAIO,2025-04-07T00:00:00Z,52.129,7.044,0.0,44.279,53.337,0.0,0.0,3.019,PROC_SEC_02
2025-04-06T23:35:22Z,b4f36d15-4c02-5f5a-9768-d71631038ba4,ENSAIO,2025-04-06T00:00:00Z,52.934000000000005,9.057,0.0,51.123,48.305,0.0,0.0,1.208,PROC_PRI_01
2025-04-06T19:20:47Z,ec61536c-a344-5699-9aaf-6bf30a4c7284,OUTRO,2025-04-06T00:00:00Z,53.538000000000004,6.32,0.0,60.381,38.644,0.0,0.0,1.61,PROC_PRI_01
2025-04-06T19:00:13Z,9d9bdf4a-196c-5577-b6b7-b7c5553c7415,OUTRO,2025-04-06T00:00:00Z,55.349,6.31,0.0,68.029,30.593,0.0,0.0,2.013,PROC_PRI_01
2025-04-06T17:23:09Z,555d0204-9302-561c-88f5-2bcbbfb81eb5,OUTRO,2025-04-06T00:00:00Z,51.525000000000006,6.421,0.0,56.557,42.267,0.0,0.0,1.811,PROC_PRI_01
2025-04-06T15:35:11Z,42ad044f-5e19-5697-aad6-e4d3ef9ff5e7,OUTRO,2025-04-06T00:00:00Z,54.544000000000004,6.41,0.0,73.665,24.957,0.0,0.0,2.013,PROC_PRI_01
2025-04-06T11:33:51Z,0d6f7ae8-ac02-5c65-b287-ea0f57f687b4,ENSAIO,2025-04-06T00:00:00Z,54.343,7.044,0.0,60.904,34.095000000000006,0.0,0.0,5.635999999999999,PROC_SEC_02
2025-04-06T10:37:01Z,34638cee-de04-5273-82e0-0d16bc7c3a05,OUTRO,2025-04-06T00:00:00Z,53.84,8.554,0.0,51.726,47.902,0.0,0.0,1.006,PROC_PRI_01
2025-04-06T10:14:28Z,3248bd0c-de0c-512a-8b39-afa75f5e9208,ENSAIO,2025-04-06T00:00:00Z,51.424,7.044,0.0,56.153999999999996,41.864000000000004,0.0,0.0,2.617,PROC_SEC_02
2025-04-05T10:42:45Z,cc59be3d-9a4b-50d4-8fb3-ace5ab881757,OUTRO,2025-04-05T00:00:00Z,54.242,8.453000000000001,0.0,62.595000000000006,35.424,0.0,0.0,2.617,PROC_PRI_01
2025-04-05T09:56:52Z,dd5c6d7d-a18a-5b99-a186-b0c60088d89f,OUTRO,2025-04-05T00:00:00Z,53.940000000000005,8.856,0.0,56.959,41.864000000000004,0.0,0.0,1.811,PROC_PRI_01
2025-04-04T19:34:07Z,ebb3c141-31c8-5676-aba5-f27bfbc0463a,OUTRO,2025-04-04T00:00:00Z,54.644999999999996,6.431,0.0,73.262,24.555,0.0,0.0,2.8179999999999996,PROC_PRI_01
2025-04-04T17:41:45Z,b380cb95-f76d-551d-9571-440fcce0b52d,OUTRO,2025-04-04T00:00:00Z,53.940000000000005,6.582,0.0,80.307,17.913,0.0,0.0,2.415,PROC_PRI_01
2025-04-04T16:03:45Z,5890922a-bd13-5df5-9418-cd306d40bc21,OUTRO,2025-04-04T00:00:00Z,53.940000000000005,6.551,0.0,76.684,21.535999999999998,0.0,0.0,2.415,PROC_PRI_01
2025-04-04T10:53:31Z,f55769aa-9c41-5747-b057-d3dc054b9c5a,OUTRO,2025-04-04T00:00:00Z,54.242,7.447,0.0,61.79,36.631,0.0,0.0,2.214,PROC_PRI_01
2025-04-04T08:17:15Z,d21965c1-c1eb-56a5-a5ba-5715c33d9559,OUTRO,2025-04-04T00:00:00Z,53.035000000000004,5.434,0.0,63.4,35.222,0.0,0.0,2.013,PROC_PRI_01
2025-04-04T02:09:28Z,8731ae03-8083-505f-b1d8-ccb49360851b,OUTRO,2025-04-04T00:00:00Z,50.318,5.032,0.0,58.972,39.65,0.0,0.0,2.013,PROC_PRI_01
2025-04-03T23:54:22Z,c9e18620-9128-58b6-9fe3-f21650fc5414,OUTRO,2025-04-03T00:00:00Z,54.343,7.044,0.0,61.79,35.222,0.0,0.0,3.623,PROC_PRI_01
2025-04-03T19:02:52Z,6484bb31-3c42-502c-8529-6b1154e679c4,OUTRO,2025-04-03T00:00:00Z,54.141999999999996,9.600999999999999,0.0,69.84100000000001,24.354,0.0,0.0,6.441000000000001,PROC_PRI_01
2025-04-03T16:31:36Z,e4f2f292-60ce-5b7a-9de1-7c0721dce488,OUTRO,2025-04-03T00:00:00Z,54.745,9.399,0.0,70.646,24.957,0.0,0.0,5.032,PROC_PRI_01
2025-04-03T12:39:44Z,e168043c-8b27-5c38-a1ab-8976e292535b,OUTRO,2025-04-03T00:00:00Z,54.141999999999996,8.151,0.0,64.608,32.606,0.0,0.0,3.4219999999999997,PROC_PRI_01
2025-04-03T08:28:49Z,24747dfb-a0aa-548d-bd5d-4ce46dc2e51c,OUTRO,2025-04-03T00:00:00Z,53.135,7.7490000000000006,0.0,66.218,31.398,0.0,0.0,3.019,PROC_PRI_01
2025-04-01T23:25:47Z,3d62f8dd-e5a6-503e-acb4-a77d06fc6f61,OUTRO,2025-04-01T00:00:00Z,51.525000000000006,8.655,0.0,68.834,28.178,0.0,0.0,3.623,PROC_PRI_01
2025-03-19T07:47:17Z,7dcc72cc-7534-5222-ad7e-93930dff4e88,ENSAIO,2025-03-19T00:00:00Z,51.424,5.635999999999999,0.0,58.166999999999994,37.839,0.0,0.0,4.629,PROC_SEC_01
2025-03-19T03:03:07Z,19b578ba-a06a-5111-a016-88f2a7a79c8c,ENSAIO,2025-03-19T00:00:00Z,52.934000000000005,8.051,0.0,60.784,36.43,0.0,0.0,3.4219999999999997,PROC_SEC_01
2025-03-18T22:24:48Z,88b71b5d-5b2c-5275-91bd-18ad9409af89,ENSAIO,2025-03-18T00:00:00Z,52.934000000000005,6.038,0.0,59.777,38.443000000000005,0.0,0.0,2.415,PROC_SEC_01
2025-03-18T10:08:33Z,97c10803-e552-5a6e-96f7-8f977e32f694,ENSAIO,2025-03-18T00:00:00Z,54.041000000000004,5.032,0.0,55.751999999999995,41.462,0.0,0.0,3.4219999999999997,PROC_SEC_01
2025-03-18T07:20:03Z,153d5f83-a318-56b1-83e6-0dff4a32d228,ENSAIO,2025-03-18T00:00:00Z,53.236,5.032,0.0,60.784,36.832,0.0,0.0,3.019,PROC_SEC_01
2025-03-18T06:50:58Z,008bccbb-cf57-5dbc-b65e-7c3017ef27de,ENSAIO,2025-03-18T00:00:00Z,52.129,5.736,0.0,54.745,42.669,0.0,0.0,3.22,PROC_SEC_01
2025-03-18T03:19:53Z,c3140050-e91b-518b-98fc-48e04d63341d,OUTRO,2025-03-18T00:00:00Z,50.318,6.038,0.0,56.356,40.254,0.0,0.0,3.623,PROC_SEC_01
2025-03-15T09:20:58Z,d2b708f6-f9ab-5152-9c90-0e7fa640ecfc,ENSAIO,2025-03-15T00:00:00Z,52.733,6.038,0.0,54.343,43.676,0.0,0.0,2.617,PROC_SEC_01
2025-03-15T08:04:57Z,b5b80ee3-e382-5583-aa17-12678139729b,ENSAIO,2025-03-15T00:00:00Z,54.041000000000004,7.044,0.0,55.349,42.468,0.0,0.0,2.8179999999999996,PROC_SEC_01
2025-03-15T07:10:25Z,4a30950d-5112-5c47-b23d-3a5e0802f864,ENSAIO,2025-03-15T00:00:00Z,52.33,7.044,0.0,50.921,47.298,0.0,0.0,2.415,PROC_SEC_01
2025-03-14T10:10:04Z,4d7a0e7f-c10c-5b2c-acc6-829dbfd19545,ENSAIO,2025-03-14T00:00:00Z,51.424,7.044,0.0,56.557,41.462,0.0,0.0,2.617,PROC_SEC_01
2025-03-14T09:25:33Z,cb6fc044-6faa-59d5-81d7-30ad7840a267,ENSAIO,2025-03-14T00:00:00Z,53.638,7.044,0.0,54.343,43.273,0.0,0.0,3.019,PROC_SEC_01
2025-03-14T07:44:46Z,9e6292e6-2fd8-519c-88d8-055fb3de8993,ENSAIO,2025-03-14T00:00:00Z,53.035000000000004,7.044,0.0,51.726,45.89,0.0,0.0,3.019,PROC_SEC_01
2025-03-14T07:10:52Z,5b9a2ee5-d65a-5ad0-9dc6-994bf8bd7cae,ENSAIO,2025-03-14T00:00:00Z,54.745,7.044,0.0,50.72,47.902,0.0,0.0,2.013,PROC_SEC_01
2025-03-13T10:07:18Z,6f134b0f-3672-585d-bbd9-64126097e609,ENSAIO,2025-03-13T00:00:00Z,55.147999999999996,6.038,0.0,51.525000000000006,46.896,0.0,0.0,2.214,PROC_SEC_01
2025-03-13T08:20:11Z,b3230d6e-828e-5f62-98a1-69d15f56307f,ENSAIO,2025-03-13T00:00:00Z,53.638,7.044,0.0,59.777,37.839,0.0,0.0,3.019,PROC_SEC_01
2025-03-13T07:14:00Z,9ced747f-70d7-5945-aced-c05fe23f651b,ENSAIO,2025-03-13T00:00:00Z,53.035000000000004,7.044,0.0,47.701,50.519000000000005,0.0,0.0,2.415,PROC_SEC_01
2025-03-10T22:36:22Z,3e4c7880-af71-59d5-b087-b85f64f7a56a,ENSAIO,2025-03-10T00:00:00Z,52.33,2.315,0.0,58.57,40.053,0.0,0.0,2.013,PROC_SEC_01
2025-03-10T20:48:48Z,c07faa03-e2ec-5b83-9f28-f621a9cccd3f,OUTRO,2025-03-10T00:00:00Z,55.349,8.745,0.0,75.879,20.932000000000002,0.0,0.0,3.824,PROC_PRI_01
2025-03-10T19:24:30Z,21a3e586-f61a-503e-8355-d12857532282,OUTRO,2025-03-10T00:00:00Z,52.33,8.624,0.0,64.608,32.807,0.0,0.0,3.22,PROC_PRI_01
2025-03-10T18:20:23Z,953e1905-cb37-5374-b89d-7e17ab7260f0,OUTRO,2025-03-10T00:00:00Z,53.84,8.312,0.0,71.85300000000001,26.366,0.0,0.0,2.415,PROC_PRI_01
2025-03-10T15:55:50Z,fe970229-eb18-5406-a75c-05be9bc076b7,ENSAIO,2025-03-10T00:00:00Z,51.324,8.282,0.0,60.985,37.235,0.0,0.0,2.415,PROC_SEC_01
2025-03-10T15:53:35Z,ec46f3dc-d3df-50e3-994a-9a5d9bea6e79,OUTRO,2025-03-10T00:00:00Z,51.424,8.695,0.0,66.017,31.801000000000002,0.0,0.0,2.8179999999999996,PROC_PRI_01
2025-03-10T14:22:31Z,793b5cb1-5962-5313-8f9f-9a5cb667e5dd,ENSAIO,2025-03-10T00:00:00Z,54.947,6.954,0.0,64.608,33.813,0.0,0.0,2.214,PROC_SEC_01
2025-03-10T12:46:48Z,a0742d32-7173-537f-b784-597c88db4282,ENSAIO,2025-03-10T00:00:00Z,55.349,5.535,0.0,59.576,38.845,0.0,0.0,2.214,PROC_SEC_01
2025-03-10T10:04:15Z,b9368c0a-767c-55fc-b607-82a3f341bd7a,ENSAIO,2025-03-10T00:00:00Z,51.626,5.032,0.0,51.525000000000006,46.493,0.0,0.0,2.617,PROC_SEC_01
2025-03-10T08:56:15Z,61147b86-1633-5048-b7b2-c2f22394c826,OUTRO,2025-03-10T00:00:00Z,54.444,8.856,0.0,61.79,35.625,0.0,0.0,3.22,PROC_PRI_01
2025-03-10T08:51:06Z,9af8a52b-ff04-5160-a8c4-cca2aacdfe30,OUTRO,2025-03-10T00:00:00Z,53.135,9.158,0.0,60.985,36.43,0.0,0.0,3.22,PROC_PRI_01
2025-03-10T07:57:04Z,ea55ccf6-ccb6-57ea-b356-8ebe3efb0a4e,ENSAIO,2025-03-10T00:00:00Z,51.223,6.038,0.0,53.337,45.687999999999995,0.0,0.0,1.61,PROC_SEC_01
2025-03-10T07:00:28Z,f2413e57-40f8-5333-a032-d6d235eaf96e,ENSAIO,2025-03-10T00:00:00Z,54.544000000000004,7.044,0.0,51.726,46.896,0.0,0.0,2.013,PROC_SEC_01
2025-03-10T01:03:08Z,35241fc8-a29d-5729-bac2-b7818689815a,ENSAIO,2025-03-10T00:00:00Z,52.833,6.743,0.0,51.525000000000006,47.096999999999994,0.0,0.0,2.013,PROC_SEC_01
2025-03-09T22:34:14Z,fd34372d-2985-5b94-9029-1373a2836f8e,ENSAIO,2025-03-09T00:00:00Z,53.538000000000004,7.447,0.0,52.934000000000005,45.687999999999995,0.0,0.0,2.013,PROC_SEC_01
2025-03-09T17:52:24Z,014c3081-aef3-5694-abac-30dfbc9ee2a0,OUTRO,2025-03-09T00:00:00Z,54.444,8.524000000000001,0.0,72.86,25.159,0.0,0.0,2.617,PROC_PRI_01
2025-03-09T17:06:32Z,4e79cc59-b50d-5e74-a4dd-979976ef95bb,OUTRO,2025-03-09T00:00:00Z,53.940000000000005,8.524000000000001,0.0,71.25,26.366,0.0,0.0,3.019,PROC_PRI_01
2025-03-09T15:08:13Z,38be5acf-e8f7-5b0e-a567-26668b3ebe44,ENSAIO,2025-03-09T00:00:00Z,49.412,6.853,0.0,51.123,47.298,0.0,0.0,2.214,PROC_SEC_01
2025-03-09T14:27:42Z,dbc3ac69-7139-5c0e-9919-9fb7ff028e73,ENSAIO,2025-03-09T00:00:00Z,53.437000000000005,6.421,0.0,47.096999999999994,51.726,0.0,0.0,1.811,PROC_SEC_01
2025-03-09T12:29:32Z,cf135d8a-4646-5430-8a07-cfaf8a7da972,ENSAIO,2025-03-09T00:00:00Z,54.444,5.032,0.0,53.538000000000004,44.681999999999995,0.0,0.0,2.415,PROC_SEC_01
2025-03-09T08:58:44Z,1b461e06-dfe1-5cbf-8206-ba1db5708e57,ENSAIO,2025-03-09T00:00:00Z,54.846,5.032,0.0,52.531000000000006,45.687999999999995,0.0,0.0,2.415,PROC_SEC_01
2025-03-09T07:21:52Z,12141d23-b9c2-518b-8c2b-bcfd028e8d1d,ENSAIO,2025-03-09T00:00:00Z,53.437000000000005,6.038,0.0,49.311,48.707,0.0,0.0,2.617,PROC_SEC_01
2025-03-09T06:51:18Z,c34e8abc-2bd5-5216-b61e-2adc38b02778,ENSAIO,2025-03-09T00:00:00Z,51.827,6.038,0.0,46.493,52.129,0.0,0.0,2.013,PROC_SEC_01
2025-03-09T01:45:48Z,d5cdabc7-05be-560c-b805-20048557758a,ENSAIO,2025-03-09T00:00:00Z,52.531000000000006,5.032,0.0,54.947,42.669,0.0,0.0,3.019,PROC_SEC_01
2025-03-09T00:57:03Z,dda7d959-6dbd-5e9d-bb3c-0f29fa156ec3,OUTRO,2025-03-09T00:00:00Z,51.324,7.044,0.0,69.84100000000001,27.775000000000002,0.0,0.0,3.019,PROC_PRI_01
2025-03-08T22:17:10Z,17cac858-a0e3-5b11-a374-815c76782218,ENSAIO,2025-03-08T00:00:00Z,53.638,5.937,0.0,56.557,41.26,0.0,0.0,2.8179999999999996,PROC_SEC_01
2025-03-08T19:54:17Z,54d2f325-3eef-52d4-a4ec-8ca52112a1fa,ENSAIO,2025-03-08T00:00:00Z,49.814,7.819,0.0,46.695,52.33,0.0,0.0,1.61,PROC_SEC_01
2025-03-08T18:39:51Z,49034765-d660-59b8-9e06-7a94df21ab1b,ENSAIO,2025-03-08T00:00:00Z,50.72,7.135,0.0,45.083999999999996,52.531000000000006,0.0,0.0,3.019,PROC_SEC_01
2025-03-08T17:38:37Z,0f3a3347-2dba-52d2-8901-00077cb188c6,ENSAIO,2025-03-08T00:00:00Z,50.318,7.246,0.0,50.318,47.096999999999994,0.0,0.0,3.22,PROC_SEC_01
2025-03-08T16:45:10Z,d3b6fc93-5bcb-5b3b-98d4-8979686431a8,ENSAIO,2025-03-08T00:00:00Z,54.745,6.954,0.0,49.11,48.305,0.0,0.0,3.22,PROC_SEC_01
2025-03-08T15:23:55Z,218d939b-8ba3-5593-b628-19c6e7b2cf16,OUTRO,2025-03-08T00:00:00Z,52.431000000000004,5.283,0.0,69.237,26.769000000000002,0.0,0.0,4.629,PROC_PRI_01
2025-03-08T15:05:27Z,9adb60ba-e0fb-5a13-a6fa-2acd7686e2bb,ENSAIO,2025-03-08T00:00:00Z,52.33,7.93,0.0,47.5,50.519000000000005,0.0,0.0,2.617,PROC_SEC_01
2025-03-06T11:02:56Z,1c458ff9-a984-52fc-ae25-5f934d02ed9c,ENSAIO,2025-03-06T00:00:00Z,51.324,8.051,0.0,54.343,43.273,0.0,0.0,3.019,PROC_SEC_01
2025-03-06T07:38:19Z,d183ec02-ac3f-58a8-bcaf-5510a7874ed9,ENSAIO,2025-03-06T00:00:00Z,51.525000000000006,0.0,0.0,54.947,45.286,0.0,0.0,0.403,PROC_SEC_01
2025-03-06T06:41:08Z,09574fce-a28f-52ed-88a7-cabdcaa58668,ENSAIO,2025-03-06T00:00:00Z,53.337,9.057,0.0,52.733,45.286,0.0,0.0,2.617,PROC_SEC_01
2025-03-05T23:46:35Z,5e8ad037-0bc7-5fc5-a427-b3c76f567403,ENSAIO,2025-03-05T00:00:00Z,52.33,7.044,0.0,54.343,43.273,0.0,0.0,3.019,PROC_SEC_01
2025-03-05T22:42:09Z,206959ad-5199-5f9a-9ff7-43774fddb0c5,ENSAIO,2025-03-05T00:00:00Z,51.324,2.013,0.0,51.525000000000006,45.89,0.0,0.0,3.22,PROC_SEC_01
2025-03-05T12:20:14Z,f598e478-314b-511f-80ce-187da2cd6224,ENSAIO,2025-03-05T00:00:00Z,52.833,0.0,0.0,56.153999999999996,42.669,0.0,0.0,1.811,PROC_SEC_01
2025-03-05T10:14:38Z,d6f5a61e-5566-5a69-9e30-14e56625a997,ENSAIO,2025-03-05T00:00:00Z,53.337,0.0,0.0,51.928000000000004,44.481,0.0,0.0,4.227,PROC_SEC_01
2025-03-05T07:50:37Z,5df9e783-1f6b-5bde-b29f-1b757fccb700,ENSAIO,2025-03-05T00:00:00Z,52.028000000000006,9.057,0.0,53.135,43.877,0.0,0.0,3.623,PROC_SEC_01
2025-03-05T03:25:35Z,6d6d1829-5158-5289-8357-42005255b6a9,OUTRO,2025-03-05T00:00:00Z,50.821,8.383000000000001,0.0,57.966,39.046,0.0,0.0,3.623,PROC_SEC_01
2025-03-04T16:12:27Z,da73a535-aaf8-5a2c-b878-13d911714d2a,OUTRO,2025-03-04T00:00:00Z,52.632,7.185,0.0,48.305,51.928000000000004,0.0,0.0,0.403,PROC_SEC_02
2025-03-04T15:46:26Z,03ad3450-5d9a-52ff-9dcc-61a40830c5a7,OUTRO,2025-03-04T00:00:00Z,55.349,7.226,0.0,50.418,49.211,0.0,0.0,1.006,PROC_SEC_02
2025-03-04T09:15:06Z,fc592d40-e613-57b6-9482-3c59a6e4907e,OUTRO,2025-03-04T00:00:00Z,53.236,8.856,0.0,64.205,31.801000000000002,0.0,0.0,4.629,PROC_PRI_01
2025-03-04T00:38:08Z,ca31ec51-7e1f-5670-a1da-da2c36b62ac5,ENSAIO,2025-03-04T00:00:00Z,51.928000000000004,7.044,0.0,54.544000000000004,42.871,0.0,0.0,3.22,PROC_SEC_01
2025-03-03T20:20:29Z,076a6f88-6f81-5ea6-8343-ff811920b811,ENSAIO,2025-03-03T00:00:00Z,53.538000000000004,7.598,0.0,42.267,56.959,0.0,0.0,1.4089999999999998,PROC_SEC_01
2025-03-03T19:09:17Z,27ef178d-7795-5d26-8432-4403297fa591,OUTRO,2025-03-03T00:00:00Z,53.538000000000004,8.594,0.0,62.595000000000006,35.222,0.0,0.0,2.8179999999999996,PROC_PRI_01
2025-03-03T18:48:47Z,e996add7-a298-5e7a-95a1-106507d596b4,ENSAIO,2025-03-03T00:00:00Z,53.538000000000004,7.135,0.0,45.286,53.337,0.0,0.0,2.013,PROC_SEC_01
2025-03-03T18:32:09Z,a98b12d6-2a89-594c-bd8b-ee6cc7b8fa07,ENSAIO,2025-03-03T00:00:00Z,51.626,7.739000000000001,0.0,47.298,50.318,0.0,0.0,3.019,PROC_SEC_01
2025-03-03T17:50:40Z,c4ce5118-0e03-5624-9c3c-76193a7c8c80,ENSAIO,2025-03-03T00:00:00Z,53.135,8.695,0.0,48.104,49.714,0.0,0.0,2.8179999999999996,PROC_SEC_01
2025-03-03T16:04:06Z,ddf06b92-5571-5c77-afdd-1bfa03db88c9,ENSAIO,2025-03-03T00:00:00Z,51.424,8.725,0.0,49.11,49.11,0.0,0.0,2.415,PROC_SEC_01
2025-03-03T02:01:32Z,42191eae-7925-5466-b679-9b3edded5c02,ENSAIO,2025-03-03T00:00:00Z,50.318,6.038,0.0,51.324,47.5,0.0,0.0,1.811,PROC_SEC_01
2025-03-02T23:27:32Z,968aeb20-1311-5f89-80e5-dd3a77bab3c5,OUTRO,2025-03-02T00:00:00Z,5265.223,7.044,0.0,64.608,32.203,0.0,0.0,3.824,PROC_PRI_01
2025-03-02T22:41:25Z,4728488d-c65a-52e6-9b04-18be5b22bf30,ENSAIO,2025-03-02T00:00:00Z,53.337,7.95,0.0,52.934000000000005,46.090999999999994,0.0,0.0,1.61,PROC_SEC_01
2025-03-02T18:34:50Z,7a8a7b2e-ba03-5de0-978f-2e1d6248863d,ENSAIO,2025-03-02T00:00:00Z,54.141999999999996,6.36,0.0,46.896,51.525000000000006,0.0,0.0,2.214,PROC_SEC_01
2025-03-02T18:14:43Z,932c7e21-cacb-56d9-ab38-f7bbab1f65ae,ENSAIO,2025-03-02T00:00:00Z,54.141999999999996,6.36,0.0,54.141999999999996,44.279,0.0,0.0,2.214,PROC_SEC_01
2025-03-02T15:59:12Z,29223e49-7a5a-58df-adc1-1a65c3c81fdf,OUTRO,2025-03-02T00:00:00Z,53.437000000000005,11.251,0.0,75.476,24.756,0.0,0.0,0.403,PROC_PRI_01
2025-03-02T14:23:19Z,a06f70ef-5604-525f-af22-f4d5b5f1af77,ENSAIO,2025-03-02T00:00:00Z,52.833,5.163,0.0,55.751999999999995,42.468,0.0,0.0,2.415,PROC_SEC_01
2025-03-02T12:22:58Z,683a9f85-1f95-514b-9cad-e3267e0794fe,OUTRO,2025-03-02T00:00:00Z,54.242,8.856,0.0,64.80900000000001,34.015,0.0,0.0,1.811,PROC_PRI_01
2025-03-02T12:21:12Z,fe58a592-d1c5-5a67-83fb-45cfd87daf5f,OUTRO,2025-03-02T00:00:00Z,54.544000000000004,9.46,0.0,63.199,34.417,0.0,0.0,3.019,PROC_PRI_01
2025-03-02T08:39:49Z,feadf166-469d-5b0d-91f2-4d2f5fba821f,ENSAIO,2025-03-02T00:00:00Z,,,,,,,,,PROC_SEC_01
2025-03-02T07:46:03Z,211a1110-b19b-581a-8fd2-0e1f1dd4657e,ENSAIO,2025-03-02T00:00:00Z,51.928000000000004,6.944,0.0,52.531000000000006,46.493,0.0,0.0,1.61,PROC_SEC_01
2025-03-02T07:07:24Z,dcff536f-a0f7-5e7e-931b-e93fc97073de,ENSAIO,2025-03-02T00:00:00Z,52.833,6.138999999999999,0.0,50.519000000000005,48.707,0.0,0.0,1.4089999999999998,PROC_SEC_01
2025-03-01T23:24:22Z,a1430f63-a08d-5d88-b0a4-a2a0d69bc808,OUTRO,2025-03-01T00:00:00Z,50.318,6.038,0.0,50.72,47.5,0.0,0.0,2.415,PROC_SEC_01
2025-03-01T19:02:57Z,82dfbf0c-8c28-528c-a0e1-7a6871c91828,OUTRO,2025-03-01T00:00:00Z,,,,,,,,,EXT_SUP_01
2025-03-01T17:43:24Z,fc74b895-223e-5330-8542-f8eaaa1c96ae,ENSAIO,2025-03-01T00:00:00Z,54.544000000000004,7.3260000000000005,0.0,50.519000000000005,46.695,0.0,0.0,3.4219999999999997,PROC_SEC_01
2025-03-01T14:55:06Z,49d15763-a8fd-5ae3-a426-d0c9d2ee0c36,OUTRO,2025-03-01T00:00:00Z,54.343,8.051,0.0,70.445,27.573999999999998,0.0,0.0,2.617,PROC_PRI_01
2025-03-01T14:49:39Z,d7fe0bd4-2dfa-5ccd-8005-2b90c416faf3,ENSAIO,2025-03-01T00:00:00Z,52.632,7.598,0.0,48.305,49.311,0.0,0.0,3.019,PROC_SEC_01
2025-03-01T12:20:15Z,a53ff1bf-44dd-5f0e-b93a-9a3811327697,ENSAIO,2025-03-01T00:00:00Z,54.141999999999996,6.038,0.0,58.57,37.839,0.0,0.0,4.227,PROC_SEC_01
2025-03-01T12:06:14Z,377a546e-bb72-5008-9c41-ad7b0d071680,OUTRO,2025-03-01T00:00:00Z,54.644999999999996,8.554,0.0,66.218,32.002,0.0,0.0,2.415,PROC_PRI_01
2025-03-01T12:04:34Z,a383d483-d524-5c77-8483-6f5ccbdde352,OUTRO,2025-03-01T00:00:00Z,53.538000000000004,8.754999999999999,0.0,65.81500000000001,32.606,0.0,0.0,2.214,PROC_PRI_01
2025-03-01T11:05:19Z,42860fa8-ebd7-55e7-bc0a-e191844d1322,ENSAIO,2025-03-01T00:00:00Z,52.934000000000005,6.038,0.0,53.135,44.279,0.0,0.0,3.22,PROC_SEC_01
2025-03-01T06:50:13Z,5c997ef3-5801-5405-88cb-c3f33d7df84d,ENSAIO,2025-03-01T00:00:00Z,53.135,5.334,0.0,51.324,47.096999999999994,0.0,0.0,2.214,PROC_SEC_01
2025-03-01T03:32:45Z,a9d263f3-b6cc-56db-8710-427cf8f0c405,OUTRO,2025-03-01T00:00:00Z,52.934000000000005,6.038,0.0,54.141999999999996,44.681999999999995,0.0,0.0,1.811,PROC_SEC_01
2025-02-20T23:30:21Z,ab64101c-c925-50ca-94be-c0cbec064f04,ENSAIO,2025-02-20T00:00:00Z,53.337,5.032,0.0,61.991,36.229,0.0,0.0,2.415,PROC_PRI_01
2025-02-11T23:35:47Z,891a877f-4784-57b2-b00b-cd36599930f0,ENSAIO,2025-02-11T00:00:00Z,54.343,8.051,0.0,66.62,30.593,0.0,0.0,3.4219999999999997,PROC_PRI_01
2025-02-11T15:46:29Z,6f975084-4514-551f-9946-6bb30c88749b,OUTRO,2025-02-11T00:00:00Z,54.141999999999996,4.337,0.0,55.852,40.556,0.0,0.0,4.227,PROC_SEC_01
2025-02-11T11:12:14Z,075ee2c0-350f-524a-94f1-7508052ac6b1,ENSAIO,2025-02-11T00:00:00Z,55.147999999999996,3.12,0.0,66.822,24.354,0.0,0.0,9.46,PROC_PRI_01
2025-02-11T10:57:30Z,2500f320-1ffb-5cd9-8b1a-fab48da45779,ENSAIO,2025-02-11T00:00:00Z,55.349,8.051,0.0,65.81500000000001,28.58,0.0,0.0,6.239,PROC_PRI_01
2025-02-11T09:28:10Z,fd304b90-b537-52b1-8569-797c82ab91f3,ENSAIO,2025-02-11T00:00:00Z,54.343,7.044,0.0,55.349,42.065,0.0,0.0,3.22,PROC_SEC_01
2025-02-11T08:35:44Z,3b047fc6-c10d-52e8-b3fb-22cd5660f6c8,OUTRO,2025-02-11T00:00:00Z,54.544000000000004,8.051,0.0,62.394,35.826,0.0,0.0,2.415,PROC_PRI_01
2025-02-11T07:30:41Z,57d9d8eb-ad56-50f4-9a01-4d90191a9f36,ENSAIO,2025-02-11T00:00:00Z,50.821,9.58,0.0,53.940000000000005,44.279,0.0,0.0,2.415,PROC_SEC_01
2025-02-11T01:40:15Z,55d9753e-a552-5e90-9ab5-fa13935ea88f,ENSAIO,2025-02-11T00:00:00Z,50.318,5.837,0.0,50.318,48.104,0.0,0.0,2.214,PROC_SEC_01
2025-02-11T00:24:47Z,4852ffe9-ac37-523d-b014-ca4ab4e31e83,ENSAIO,2025-02-11T00:00:00Z,53.135,6.038,0.0,56.557,40.858000000000004,0.0,0.0,3.22,PROC_SEC_01
2025-02-10T22:43:44Z,edb52e85-5647-5eee-bef8-764e06a6b1d5,ENSAIO,2025-02-10T00:00:00Z,53.638,6.038,0.0,52.934000000000005,45.083999999999996,0.0,0.0,2.617,PROC_SEC_01
2025-02-10T19:39:14Z,e1390514-14a8-5d9e-88e6-29e374b67fdc,OUTRO,2025-02-10T00:00:00Z,53.337,7.296,0.0,62.192,35.826,0.0,0.0,2.617,PROC_PRI_01
2025-02-10T17:54:51Z,a0cc6d59-3263-536b-be5f-9d538d1d75c1,OUTRO,2025-02-10T00:00:00Z,55.248999999999995,6.702,0.0,67.425,30.191,0.0,0.0,3.019,PROC_PRI_01
2025-02-10T17:40:00Z,e94b8479-6bce-576a-9a62-836132ffb5d7,ENSAIO,2025-02-10T00:00:00Z,51.626,5.4639999999999995,0.0,53.337,43.676,0.0,0.0,3.623,PROC_SEC_01
2025-02-10T15:51:07Z,b3d198f8-3bb3-5a21-bf36-4794e198ae46,OUTRO,2025-02-10T00:00:00Z,53.940000000000005,7.205,0.0,66.017,32.404,0.0,0.0,2.214,PROC_PRI_01
2025-02-10T15:39:08Z,59a94093-9774-52c5-9d7b-df329667a340,ENSAIO,2025-02-10T00:00:00Z,54.544000000000004,5.766,0.0,51.726,44.681999999999995,0.0,0.0,4.227,PROC_SEC_01
2025-02-10T14:52:07Z,cbb1dc05-5f74-5f4b-b1d2-c5d057249e67,ENSAIO,2025-02-10T00:00:00Z,51.424,5.917,0.0,49.714,48.104,0.0,0.0,2.8179999999999996,PROC_SEC_01
2025-02-10T12:41:33Z,08724153-72a4-561a-b9d3-0fbe6a14c75e,OUTRO,2025-02-10T00:00:00Z,53.236,8.353000000000002,0.0,62.796,33.007999999999996,0.0,0.0,4.83,PROC_PRI_01
2025-02-10T12:35:13Z,9a8f0599-4033-523a-99ed-770b8b8256d6,ENSAIO,2025-02-10T00:00:00Z,52.129,6.038,0.0,51.123,46.493,0.0,0.0,3.019,PROC_SEC_01
2025-02-10T09:46:13Z,9c149ebe-d56a-5686-84d6-3fa5a90f1b5f,OUTRO,2025-02-10T00:00:00Z,53.538000000000004,8.151,0.0,62.796,33.813,0.0,0.0,4.025,PROC_PRI_01
2025-02-10T08:07:19Z,3552f2c0-dd5a-5944-be4d-9ca578a37214,ENSAIO,2025-02-10T00:00:00Z,53.135,13.083,0.0,51.123,46.493,0.0,0.0,3.019,PROC_SEC_01
2025-02-10T00:28:29Z,b28debbd-3108-5fac-80cf-bfa4a35da0eb,OUTRO,2025-02-10T00:00:00Z,53.135,5.434,0.0,54.141999999999996,42.871,0.0,0.0,3.623,PROC_SEC_01
2025-02-09T22:25:17Z,0299306d-f09f-5a7a-b78d-f81edff1250f,ENSAIO,2025-02-09T00:00:00Z,53.337,6.038,0.0,51.525000000000006,44.883,0.0,0.0,4.227,PROC_SEC_01
2025-02-09T18:05:06Z,d8cce5ba-ab5e-53f8-abdd-9608c2a5f246,ENSAIO,2025-02-09T00:00:00Z,50.72,6.078,0.0,54.343,41.462,0.0,0.0,4.83,PROC_SEC_01
2025-02-09T14:53:58Z,b602cce1-d41f-5be4-9ab5-3605619f4360,ENSAIO,2025-02-09T00:00:00Z,52.531000000000006,5.082,0.0,55.751999999999995,39.449000000000005,0.0,0.0,5.434,PROC_SEC_01
2025-01-31T23:29:50Z,5410aa24-0b20-56d5-a422-ac871f26b006,OUTRO,2025-01-31T00:00:00Z,50.318,0.0,0.0,54.141999999999996,43.676,0.0,0.0,2.8179999999999996,PROC_SEC_01
2025-01-24T23:15:06Z,7fbfba0c-0f67-5ff7-b0bd-16c1455ed1a6,OUTRO,2025-01-24T00:00:00Z,50.318,6.038,0.0,50.72,48.305,0.0,0.0,1.61,PROC_SEC_01
2025-01-24T17:08:07Z,a79cc7ba-e10b-5bb7-aee6-37f2a9b573ed,OUTRO,2025-01-24T00:00:00Z,51.726,6.933999999999999,0.0,54.544000000000004,43.474000000000004,0.0,0.0,2.617,PROC_SEC_01
2025-01-24T07:52:36Z,7b8648ae-679f-5ecb-a00f-286527fda73f,ENSAIO,2025-01-24T00:00:00Z,,,,,,,,,PROC_SEC_01
2025-01-24T07:02:42Z,2cc06263-7827-565e-ad9b-95c177f5f23f,ENSAIO,2025-01-24T00:00:00Z,55.047000000000004,6.6419999999999995,0.0,52.33,45.687999999999995,0.0,0.0,2.617,PROC_SEC_01
2025-01-21T23:02:30Z,7fc54205-ad7e-5e69-b469-2abafd106d96,OUTRO,2025-01-21T00:00:00Z,52.632,7.044,0.0,50.72,47.701,0.0,0.0,2.214,PROC_SEC_01
2025-01-21T08:05:24Z,caa736ee-3a64-51c8-87f3-048bce915e99,ENSAIO,2025-01-21T00:00:00Z,50.821,6.843,0.0,56.557,40.254,0.0,0.0,3.824,PROC_SEC_01
2025-01-21T06:48:26Z,e885de0d-3890-5a5a-936d-d29fdb05b517,ENSAIO,2025-01-21T00:00:00Z,54.846,7.044,0.0,55.751999999999995,40.455000000000005,0.0,0.0,4.428,PROC_SEC_01
2025-01-20T22:27:55Z,997f2865-cae6-515a-8715-1c1604e04419,OUTRO,2025-01-20T00:00:00Z,51.324,5.434,0.0,50.318,47.5,0.0,0.0,2.8179999999999996,PROC_SEC_01
2025-01-18T23:39:46Z,2f5cd416-d4c0-54d6-8728-e340f84efbac,OUTRO,2025-01-18T00:00:00Z,50.318,6.038,0.0,56.557,41.26,0.0,0.0,2.617,PROC_SEC_01
2025-01-14T10:49:21Z,cf428ba9-0304-5c91-ba71-13544248b358,ENSAIO,2025-01-14T00:00:00Z,51.324,8.453000000000001,0.0,50.921,47.298,0.0,0.0,2.415,PROC_SEC_01
2025-01-13T23:34:44Z,f7fa7fa4-aa1a-5ba8-9850-1c0f4bdfd764,OUTRO,2025-01-13T00:00:00Z,,,,,,,,,PROC_SEC_01
2025-01-13T11:24:09Z,56976f6d-463f-5a9c-b789-6ff9cfef8ec0,OUTRO,2025-01-13T00:00:00Z,52.934000000000005,6.843,0.0,63.601000000000006,33.411,0.0,0.0,3.623,PROC_PRI_01
2025-01-13T09:21:19Z,867780fd-ff00-5423-85bc-5d735c724271,OUTRO,2025-01-13T00:00:00Z,51.928000000000004,6.239,0.0,62.796,34.618,0.0,0.0,3.22,PROC_PRI_01
2025-01-13T08:24:24Z,d45fad34-9951-5b28-9d01-27eb46abbe91,ENSAIO,2025-01-13T00:00:00Z,52.33,7.447,0.0,53.337,44.279,0.0,0.0,3.019,PROC_SEC_01
2025-01-13T06:50:51Z,37c16c0e-7b7b-5f86-8887-4118f3bfabbb,ENSAIO,2025-01-13T00:00:00Z,54.343,4.931,0.0,53.135,44.481,0.0,0.0,3.019,PROC_SEC_01
2025-01-11T15:20:10Z,d44b41de-f48b-5123-bd22-fa085b04bcf2,ENSAIO,2025-01-11T00:00:00Z,50.217,2.2939999999999996,0.0,52.934000000000005,44.481,0.0,0.0,3.22,PROC_SEC_01
2025-01-11T06:36:26Z,fd703759-d754-5a3e-acaf-bd0201e8ab1a,OUTRO,2025-01-11T00:00:00Z,53.337,5.032,0.0,50.318,46.292,0.0,0.0,4.025,PROC_SEC_01
2025-01-10T23:05:01Z,deb121b1-7ec5-58bf-967b-d22a548d6b80,OUTRO,2025-01-10T00:00:00Z,50.318,6.038,0.0,50.318,48.305,0.0,0.0,2.013,PROC_SEC_01
2025-01-10T14:53:12Z,4b285697-9020-5019-a306-663b35ec8dba,ENSAIO,2025-01-10T00:00:00Z,54.242,5.948,0.0,51.726,45.687999999999995,0.0,0.0,3.22,PROC_SEC_01
2025-01-10T08:19:24Z,26998a92-9d3f-5c2e-9e3f-9f14bf18e9e4,ENSAIO,2025-01-10T00:00:00Z,53.035000000000004,6.038,0.0,52.33,44.883,0.0,0.0,3.4219999999999997,PROC_SEC_01
2025-01-10T06:51:46Z,08a10775-7de5-56bf-8d94-98a3242f459f,ENSAIO,2025-01-10T00:00:00Z,55.147999999999996,6.441000000000001,0.0,52.934000000000005,43.877,0.0,0.0,3.824,PROC_SEC_01
2025-01-10T00:37:05Z,02495dd5-2ce0-59db-b7f9-f116bfc2fc45,OUTRO,2025-01-10T00:00:00Z,52.33,6.038,0.0,53.739,43.676,0.0,0.0,3.22,PROC_SEC_01
2025-01-09T23:55:48Z,51c91ebe-7d25-5d53-8054-1b3a16b974c3,OUTRO,2025-01-09T00:00:00Z,50.318,6.038,0.0,53.538000000000004,45.587999999999994,0.0,0.0,1.51,PROC_SEC_01
2025-01-09T17:04:24Z,d3841a20-6b69-5582-870f-dafa6115f319,ENSAIO,2025-01-09T00:00:00Z,54.242,7.246,0.0,57.563,39.449000000000005,0.0,0.0,3.623,PROC_SEC_01
,,OUTRO,,,,,,,,,,
,,OUTRO,,,,,,,,,,
,,OUTRO,,,,,,,,,,
,45b09ebb-7ca9-5906-8859-3a08faa07967,OUTRO,,66.93861971999999,6.668666667,0.0,56.06250704,40.89456338,0.1333943662,0.0,3.5484788729999996,
,9671fb2f-b418-500b-82ab-830bc3bcd325,OUTRO,,276.29289389999997,2.0243482189999997,0.0,8.443579343000001,7.9335456749999995,2.485816361,0.0,1.686230569,
,4ab11c06-0f15-5726-bc03-d4ed6736747b,OUTRO,,46.292,0.0,0.0,3.824,15.699,0.0,0.0,0.201,
,2a48ea34-603b-5912-b6f6-585c1b930727,OUTRO,,5265.223,14.401,0.0,80.307,58.972,46.896,0.0,9.46,
